x,a_mu
0.009881943464279175,3.1689168940620393e-07
-0.3320440948009491,-1.126121376345418e-05
0.2362050712108612,-2.3628638732602564e-06
-0.025414347648620605,-3.3913203597541146e-06
0.05424591898918152,-1.0438410788695905e-06
-0.16544419527053833,-8.66622864734814e-06
0.018604010343551636,-7.756575532101653e-06
0.06275907158851624,-4.513243042044395e-06
0.012408137321472168,-7.004633006503603e-06
-0.05531102418899536,-7.004633006503603e-06
0.29479652643203735,1.0704421417743593e-05
-0.13223332166671753,2.390324081254787e-06
-0.1148574948310852,-5.1522559473351025e-06
0.08722978830337524,8.203354434284491e-07
-0.0170249342918396,-3.9297297427521614e-07
0.023541808128356934,1.3505683100174813e-06
-0.10059720277786255,-6.3811302071548696e-06
-0.06759369373321533,-1.176467752516452e-05
-0.005806565284729004,-1.2242453263450313e-05
-0.0031023025512695312,-1.2505863534978561e-05
-0.01707512140274048,-1.4008043348819994e-05
0.009197413921356201,-1.3171336654334411e-05
-0.05963134765625,-1.8753234758942363e-05
0.10569268465042114,-8.560456494823546e-06
0.03404170274734497,-5.1822093680469165e-06
-0.16370797157287598,-2.188083459172825e-05
-0.004372239112854004,-2.23367407246907e-05
-0.04400646686553955,-2.7068923483209827e-05
0.030024409294128418,-2.3751876130293254e-05
0.05159050226211548,-1.7910760857607187e-05
-0.0553932785987854,-2.4331967347242224e-05
-0.04111582040786743,-2.9211430503742788e-05
-0.08772021532058716,-3.9868883348537883e-05
0.05775630474090576,-3.26835867746242e-05
-0.04060018062591553,-3.7840031042265746e-05
-0.03981626033782959,-4.300698981345108e-05
0.030066728591918945,-3.9012074633453726e-05
-0.022260308265686035,-4.202223322541265e-05
0.06261336803436279,-3.336035858299473e-05
-0.06722795963287354,-4.28367458342193e-05
0.0013587474822998047,-4.263518270226668e-05
0.11265498399734497,-2.6114607514311973e-05
0.046986520290374756,-1.909221978922436e-05
-0.041955530643463135,-2.5472924760504253e-05
-0.0010958313941955566,-2.5638755842657662e-05
-0.06957072019577026,-3.6606582176420456e-05
0.058075904846191406,-2.7280395393457013e-05
-0.006668150424957275,-2.8364590219841234e-05
0.042340636253356934,-2.132981069572716e-05
-0.04421985149383545,-2.8790968182547555e-05
0.015267491340637207,-2.616638186834762e-05
-0.07758456468582153,-3.9689114391969955e-05
0.062334537506103516,-2.8122406207514676e-05
0.0028539299964904785,-2.8122406207514676e-05
0.0500757098197937,-1.8970129134387797e-05
-0.03514450788497925,-2.5483613197639312e-05
0.06723201274871826,-1.2825643653944518e-05
0.0320662260055542,-6.6995791998087265e-06
0.014163017272949219,-3.9544398819829325e-06
0.10312849283218384,1.631075833317331e-05
-0.044971585273742676,7.3464825952476135e-06
-0.033957719802856445,4.848084052500017e-07
0.0243721604347229,5.475693398724548e-06
0.046117186546325684,1.5045797003059508e-05
-0.07709234952926636,-1.1698954876953283e-06
-0.04597878456115723,-1.0965762128933155e-05
0.02757108211517334,-5.0131884655951394e-06
-0.02347087860107422,-2.368275423504418e-05
-0.06119108200073242,-2.368275423504418e-05
0.008694887161254883,-2.1729147872028236e-05
-0.06031090021133423,-3.540425882508121e-05
0.0831751823425293,-1.630116979329225e-05
-0.05652254819869995,-2.9428918659915503e-05
0.29929935932159424,4.093465640646004e-05
-0.2644771337509155,-2.1972299210692734e-05
0.24366140365600586,3.664865237976015e-05
-0.054849863052368164,2.329446957328664e-05
-0.043011248111724854,1.2705931188961825e-05
-0.01114743947982788,9.929419511261249e-06
0.03935879468917847,1.9826739596615884e-05
-0.012044131755828857,1.6759292306711462e-05
-0.020026743412017822,1.1608073003784595e-05
0.027589142322540283,1.877098132377172e-05
-0.01644754409790039,1.4449054629320138e-05
0.016775846481323242,1.8894228350202414e-05
-0.06855833530426025,5.200668322969209e-07
-0.05880469083786011,-1.539633917592796e-05
-0.05092042684555054,-2.9313318452246126e-05
0.023358583450317383,-2.2855513383185936e-05
0.0058675408363342285,-2.1213022123125345e-05
-0.17293918132781982,-6.990076375646785e-05
0.007592678070068359,-6.772238980095954e-05
-0.2564178705215454,-0.0001412968127510831
-1.2827587127685547,-0.0005129046548338588
0.6748150587081909,-0.00031540955476702567
-0.5615279674530029,-0.000481056330813971
1.9257869720458984,9.272607999756408e-05
1.291800618171692,0.00048099384663320515
-0.017888441681861877,0.0004754224812682448
-0.15196478366851807,0.00042877511510543804
0.2514963150024414,0.0005062825847964243
0.6279909014701843,0.0007016921087547158
-0.04074591398239136,0.0006886725393306142
0.3305358290672302,0.0007931758198249707
0.008353972807526588,0.0007955916746617578
0.0736064612865448,0.0008190529813475942
0.02922060340642929,0.0008282812015291272
0.03528239578008652,0.0008395688807261012
0.03929511085152626,0.0008522710659059244
0.017628788948059082,0.0008578576463617794
0.0031761080026626587,0.000858635859563994
0.027455098927021027,0.000867635516556022
0.01833072304725647,0.0008685704809083379
-0.013733215630054474,0.0008685704809083379
-0.004121258854866028,0.0008668418484506177
0.0343911349773407,0.0008785455771249929
-0.024975575506687164,0.0008694503381996311
-0.040542446076869965,0.0008547711624607334
0.038046374917030334,0.0008680538693383744
0.0504658967256546,0.0008858999529414682
-0.025280144065618515,0.0008764151050139011
-0.0015670731663703918,0.0008755228503273133
0.06900972127914429,0.0009005842018624077
-0.029577188193798065,0.0008892925320110707
-0.022390060126781464,0.0008806057948887287
0.0638447105884552,0.0009042685447643168
0.005811270326375961,0.0009061257107189847
-0.06107301637530327,0.0008825036036881429
0.05897924676537514,0.0009048002745206674
0.04947460815310478,0.0009235695149185071
-0.05659161135554314,0.0009011909564469212
-0.01314537599682808,0.0008956883727134371
0.036873359233140945,0.0009098774516794897
-0.006276536732912064,0.0009070242252066904
-0.0630669891834259,0.0008814555118529573
0.054340288043022156,0.0009029627550895807
-0.008136946707963943,0.0008993020195112571
-0.03159238025546074,0.000886058764029303
0.06070644408464432,0.0009105984834585808
0.03923533856868744,0.0009264210613793443
-0.02541980892419815,0.0009154745883628832
-0.022594667971134186,0.0009056446900579881
0.037754762917757034,0.0009211485366891966
-0.010799922049045563,0.0009161862818818023
-0.017988741397857666,0.0009081331044035026
0.04667624086141586,0.0009277493985787512
0.0014179758727550507,0.0009279607932553157
-0.021391913294792175,0.0009182777015172978
0.041545506566762924,0.0009360092430144445
-0.011034153401851654,0.0009307536889004469
0.003485683351755142,0.0009318821042201341
0.004419554024934769,0.0009334315622584603
0.029437262564897537,0.0009461690684734393
0.003041934221982956,0.0009471110530276054
0.0027242153882980347,0.0009479144261455034
0.022103875875473022,0.0009575332892390738
0.0024163685739040375,0.0009467580379416039
-0.023924570530653,0.0009467580379416039
0.02895546704530716,0.0009597103175850787
0.007818475365638733,0.0009628998068913207
0.007817700505256653,0.0009661051644854053
0.017752863466739655,0.0009739981158067365
0.010527592152357101,0.0009785147505971313
0.0037059225142002106,0.0009798112093777165
0.02986646443605423,0.0009936166834879675
0.02425721287727356,0.0010047946184262723
-0.01865461841225624,0.0009952979508832083
0.03692564740777016,0.0010127466711329935
0.003189980983734131,0.0010138095760227194
0.005800493061542511,0.0010161586507915004
0.02309376373887062,0.0010270497805348092
0.05101577937602997,0.0010518375819671135
-0.01939815655350685,0.001041644857722434
-0.048794765025377274,0.0010166781430342605
-0.003825094550848007,0.0010142402023634656
0.08398193120956421,0.001056227554615643
-0.03548676520586014,0.0010376413315729938
-0.03475379943847656,0.001019346404002018
0.058313217014074326,0.001048777824363964
0.03156277909874916,0.0010645300149847898
-0.03322739154100418,0.0010467406812630022
0.043999508023262024,0.0010691316312940442
0.007703468203544617,0.0010726068324964542
-0.054116446524858475,0.0010435583014992912
0.02704133465886116,0.001057307710277383
-0.004491031169891357,0.0010425268206403033
-0.02110789716243744,0.0010425268206403033
0.02188155986368656,0.0010537053125014603
0.03400355577468872,0.001071463069653864
-0.015959177166223526,0.001062241963101197
-0.00788356363773346,0.0010573759035303382
0.047221068292856216,0.001082602171736479
-0.02198568731546402,0.0010699387496846409
-0.02638697251677513,0.0010547975807526167
0.04118436947464943,0.0010770272606433864
0.02680654078722,0.001091344201733784
-0.020408280193805695,0.0010793274070652313
-0.008382786065340042,0.001074015209146288
0.013372275978326797,0.001080950224731733
0.0019422434270381927,0.0010814380472335538
-0.006942708045244217,0.0011011485055810039
0.04356497898697853,0.0011011485055810039
-0.01602327823638916,0.0010913223079548175
-0.0014718398451805115,0.001089845203509013
0.0015841685235500336,0.0010901312929127841
0.009070556610822678,0.001094769629163067
0.0019474178552627563,0.0010952672993867609
-0.005582407116889954,0.0010913532822862443
0.01877950131893158,0.001101764362280893
0.016314364969730377,0.0011107556756378865
0.011541072279214859,0.0011169460056969108
0.007098250091075897,0.0011205105114129672
0.02350693568587303,0.0011339062250691635
-0.016915373504161835,0.0011230617310657044
-0.0023026466369628906,0.0011209951196274714
0.016509152948856354,0.0011455859826862225
0.026240330189466476,0.0011455859826862225
0.011678289622068405,0.001152016862972339
0.012191344052553177,0.001158783857232283
0.028472362086176872,0.0011755929987997413
-0.002651158720254898,0.0011732287013211252
0.0023702383041381836,0.0011739711485663315
0.009225081652402878,0.0011789843042527316
0.004399493336677551,0.0011809973736245391
-0.0027700066566467285,0.0011785181714006967
0.0042905546724796295,0.0011804784190248704
0.016262143850326538,0.0011900144776189284
0.002166852355003357,0.0011906344710697315
0.004978172481060028,0.0011930474766465213
0.021930132061243057,0.001206308514592962
0.012224458158016205,0.0012133807843913097
-0.004614986479282379,0.0012096257899001292
0.014496196061372757,0.0012182174975536213
0.01223963126540184,0.001225370693919913
0.004411466419696808,0.0012274461329942767
0.011705301702022552,0.001234296345693542
0.020961396396160126,0.001247240318348361
0.009171918034553528,0.0012524588810888541
-0.002798955887556076,0.0012497813575643652
0.018952149897813797,0.0012615224265571808
-0.009681884199380875,0.0012542384101568236
0.016910769045352936,0.0012646964074523725
0.010474979877471924,0.001270870216017463
0.01317637413740158,0.0012788786522612955
0.021028287708759308,0.0012922097676235898
0.013837549835443497,0.001300707439906945
0.006186358630657196,0.0013040282032488405
0.020367655903100967,0.0013170302513395272
0.010411925613880157,0.0013232545088614764
0.022772155702114105,0.0013379834472768296
0.0086958147585392,0.0013430531880418146
0.008558791130781174,0.001348041794370767
0.008755374699831009,0.0013531800531841598
0.020662881433963776,0.0013666194082086278
0.018137063831090927,0.001378330283914933
0.00623307004570961,0.001381731591495992
0.013303469866514206,0.0013901116675067164
0.01806546375155449,0.0014018716080342983
0.003843076527118683,0.0014035988351632123
0.010484535247087479,0.0014283629216881961
0.027133334428071976,0.0014283629216881961
0.027818351984024048,0.001447216351228453
0.008642029017210007,0.001452372906173713
0.020235825330018997,0.0014658780176457734
0.015766020864248276,0.0014761923080721625
0.005652107298374176,0.0014792137936798081
0.00804641842842102,0.001483980441302061
0.012603957206010818,0.0014920768748384369
0.005964551120996475,0.001495343421765981
0.025345992296934128,0.0015128171779819075
0.013282980769872665,0.001521467006071634
0.024920117110013962,0.0015387153978305044
0.005859944969415665,0.0015419105528608932
0.0037836208939552307,0.0015435731417956034
0.027445372194051743,0.0015628417416466032
-0.009211152791976929,0.0015548026700180017
0.024163391441106796,0.0015717228758317097
0.033261679112911224,0.0015955104975805302
-0.024532634764909744,0.0015758393652334098
-0.010682612657546997,0.0015665829668635764
0.031930841505527496,0.0015895787912604
0.034223563969135284,0.0016143661709516828
-0.0018585622310638428,0.0016117205666690466
0.036148566752672195,0.001638106633497329
0.00506945326924324,0.0016407357747273237
-0.0014990195631980896,0.0016383231102965047
0.02036212384700775,0.0016527522819728244
0.0012997910380363464,0.0016524795002886188
-0.020331457257270813,0.0016354410928338672
0.013330377638339996,0.0016445308302870912
0.028171533718705177,0.0016652068154066851
0.013953141868114471,0.0016748113460014022
0.021176356822252274,0.001690096864146649
0.0239688903093338,0.0017076078831461815
0.03619573265314102,0.0017347905900596571
9.784474968910217e-05,0.0017334968245016507
0.0002067945897579193,0.001732286871267383
0.0410362184047699,0.0017635216226782166
0.003911416977643967,0.0017652332053143761
-0.010741453617811203,0.0017552400041267158
0.015839409083127975,0.001766524083397154
0.002352248877286911,0.0017669946228234229
-0.00669286772608757,0.0017601802134696058
0.02395077422261238,0.0017781024164341098
0.011914309114217758,0.0017863106654218699
-0.0007795803248882294,0.001784227321577494
0.020381100475788116,0.0017993666108084149
0.03937531262636185,0.00183003658647975
0.008069545030593872,0.0018351426593694647
-0.010970063507556915,0.0018246363173214592
0.025681234896183014,0.001844260746858621
0.00838521495461464,0.0018496552126335461
-0.0043454281985759735,0.0018445328703901164
0.0006706453859806061,0.0018435597707339559
0.00116671621799469,0.0018429972689613058
0.011221714317798615,0.0018508113723107282
-0.0005546733736991882,0.00184880212296602
0.006943102926015854,0.0018530679843854596
0.021191641688346863,0.0018693022621398998
0.010603070259094238,0.0018766523414998073
0.012760762125253677,0.0018858348350486464
0.01749902218580246,0.001899039644905543
-0.00022591650485992432,0.001897238042460085
0.003516972064971924,0.0018986146707046108
0.004556652158498764,0.0019008792819010752
0.00827491283416748,0.0019063230810299205
0.004109937697649002,0.0019082096567210934
0.0005353540182113647,0.0019070314812572678
0.011319871991872787,0.0019151289262809834
-0.005784321576356888,0.001908489585478359
0.0032354891300201416,0.001909636601983412
0.0007325150072574615,0.001908616720640487
0.0003844909369945526,0.0019072930670450793
0.009824942797422409,0.0019109407672783419
-0.0018044523894786835,0.0019109407672783419
0.004527352750301361,0.0019132290530115873
-0.0003357641398906708,0.0019112575345297475
0.0012475401163101196,0.0019106743574928342
0.003862246870994568,0.001912393066299371
-0.010849930346012115,0.0019011277417320261
0.0034186951816082,0.0019024703653463108
-0.0021192245185375214,0.00189890418168995
-0.002909865230321884,0.0018946303948982146
-0.009936388581991196,0.001884091831957647
0.0013923607766628265,0.0018836528332187947
-0.0012695156037807465,0.001880831494232216
-0.015349097549915314,0.0018653803678727603
-0.0032982714474201202,0.0018607395099453916
-0.019857138395309448,0.0018217148238858334
-0.019718259572982788,0.0018217148238858334
0.07669657468795776,0.0018894552970900914
0.01660466566681862,0.0019027975140258903
-0.10077952593564987,0.0018094929815384573
0.04687897115945816,0.001850535249100091
0.05621260404586792,0.0019001468005353827
-0.044799111783504486,0.0018574366498295357
-0.024982094764709473,0.0018328371303805162
0.03968068212270737,0.0018676003294085426
0.02484961599111557,0.0018887542031101395
-0.04445013403892517,0.0018460110103146459
0.04206807538866997,0.0018831903463909553
0.02539382502436638,0.001904968142819293
-0.039303384721279144,0.001866717076593204
-0.01055065542459488,0.001865460202298956
0.012898363173007965,0.001865460202298956
-0.02558140456676483,0.0018398238783582342
-0.003964178264141083,0.00183439156181486
-0.006465509533882141,0.001826607228757682
-0.03031609207391739,0.0017963994818666468
-0.008521024137735367,0.0017866833975922391
0.027178017422556877,0.0018106433579444753
-0.0090886689722538,0.0018003376744475824
-0.023059412837028503,0.0017767845692319613
0.003180805593729019,0.0017781174623192637
0.009875010699033737,0.0017858195246069307
-0.02071014791727066,0.0017643779425964253
-0.0017871856689453125,0.0017609861293678402
0.009596973657608032,0.0017684844310593287
-0.009943529963493347,0.0017572550895339177
-0.019886236637830734,0.0017364628996971107
0.013844406232237816,0.0017481173073879439
0.0039735473692417145,0.0017502635431328045
-0.005864214152097702,0.0017429058108812533
0.003644842654466629,0.0017447471640639712
0.01777997612953186,0.001760301450331791
-0.00432094931602478,0.0017543912998469534
-0.00957326591014862,0.0017433613577418968
6.51627779006958e-05,0.0017417241612309913
0.0003050975501537323,0.0017403199820546947
-0.011480357497930527,0.0017273735426976465
-0.0025095678865909576,0.0017232166964220317
0.003901243209838867,0.00172535754730163
-0.014412302523851395,0.0017092262474799978
0.0014666877686977386,0.0017092262474799978
0.002378266304731369,0.0017098875376265407
-0.010834705084562302,0.0016974654122940836
-0.015149064362049103,0.0016807527297660755
0.0008997954428195953,0.0016799765607137139
0.01045624166727066,0.0016887149036763657
-0.011739473789930344,0.001675320478103387
-0.008769221603870392,0.0016648833653284914
-0.0014132820069789886,0.0016618018505376985
-0.004622574895620346,0.0016554993499685818
-0.005625549703836441,0.0016481842534683997
-0.004505913704633713,0.0016419903705308732
-0.008119001984596252,0.0016321488518012245
-0.006959307938814163,0.0016234712121043565
0.007023211568593979,0.0016103384549238096
-0.016718115657567978,0.0016103384549238096
-0.02396363765001297,0.0015843718186996905
0.0004803687334060669,0.001583248914066863
0.005213432013988495,0.0015869476508090818
-0.010909218341112137,0.0015741935116810916
-0.009819958359003067,0.001562544125979507
0.00794735923409462,0.0015690831539888223
-0.010526958853006363,0.001556673798733065
-0.014481551945209503,0.001540192154585576
-0.00046634674072265625,0.0015381266445638302
-0.005239352583885193,0.0015311381975390047
-0.0025031156837940216,0.0015269713680992672
0.004397690296173096,0.0015299413955115549
-0.022003185003995895,0.0015055535193345584
0.01135849580168724,0.0015157813176684218
-0.0029527172446250916,0.0015111351271900868
0.0018854737281799316,0.0015115249942024807
-0.005205925554037094,0.0015045173801485829
-0.021951112896203995,0.0014800084718551696
0.006380490958690643,0.001485137371691897
0.008991781622171402,0.001493006689659738
-0.005566168576478958,0.001485594466525702
-0.014967989176511765,0.0014682901012806895
0.008648492395877838,0.0014758537247540199
0.004100475460290909,0.0014786229316537049
-0.017710823565721512,0.0014583440491533592
-0.007884550839662552,0.0014484550268713864
0.008651357144117355,0.0014560910489173808
0.013022085651755333,0.0014683718832046446
-0.02059188485145569,0.0014449113357542919
-0.0040489546954631805,0.001439059585024812
0.0032105930149555206,0.0014409494673746804
0.0034237541258335114,0.0014430680261281136
-0.0015011057257652283,0.0014399174012639034
-0.01326519250869751,0.0014241568379904648
-0.006216727197170258,0.0014159549317073633
-0.008592050522565842,0.0014051956319802888
0.0009236112236976624,0.0014046771045639719
-0.0084005668759346,0.0013941036206315404
-0.010098896920681,0.001381691353685789
0.00024184957146644592,0.0013804584821840208
0.001912180334329605,0.0013810344668321176
0.0006556771695613861,0.0013802475494312863
-0.005612418055534363,0.0013671614718388833
-0.0036665350198745728,0.0013671614718388833
0.015235040336847305,0.0013822735865875366
-0.001963455229997635,0.0013786222889626547
-0.03812218829989433,0.0013354503596143942
0.0050451308488845825,0.0013395107573357914
0.021404167637228966,0.0013615044475593586
-0.014438148587942123,0.0013441605819216051
-0.024137958884239197,0.0013161473266308469
0.020676730200648308,0.0013374617627407695
-0.009087413549423218,0.0013259682867560697
-0.04526500403881073,0.0012745277931287616
-0.006710786372423172,0.001265698703488806
0.01305576041340828,0.0012787531453250047
-0.013403214514255524,0.0012624735892748753
-0.0003824010491371155,0.0012344264782512156
-0.02237560972571373,0.0012344264782512156
-0.00841749832034111,0.0012236789885274161
-0.016167812049388885,0.0012042863410755278
-0.004353653639554977,0.0011980802361420814
0.0070061031728982925,0.0012045745963270849
-0.010558336973190308,0.00119140345266673
0.005863955244421959,0.001196642607248922
-0.02043246105313301,0.001172357396206849
-0.008399054408073425,0.0011615958796301802
-0.006111692637205124,0.0011534070796188202
0.010375455021858215,0.0011638040465088851
-0.025777257978916168,0.001133389474770278
-0.02484889328479767,0.0011040177203358007
0.01720735803246498,0.0011222462665956838
0.027347156777977943,0.0011337188882620858
-0.014929965138435364,0.0011337188882620858
0.0075556933879852295,0.001141017537739933
-0.002042856067419052,0.0011373942328933252
-0.00886761024594307,0.001125993325900961
-0.0014544613659381866,0.001123048976445814
-0.0014957226812839508,0.0011200569894772464
-0.0008008591830730438,0.0011178594464532226
-0.02430909499526024,0.001088732953684589
-0.006984207779169083,0.001079473433968688
0.019791441038250923,0.0011009634621517138
-0.0016311705112457275,0.0010978216635488657
-0.001682240515947342,0.001094620648752905
-0.025371216237545013,0.0010641084410444254
-0.01090756431221962,0.0010502888344153815
-0.008533105254173279,0.0010392121174482927
0.0197268258780241,0.001060839026731003
-0.0184304378926754,0.0010382536240689502
-0.004039052873849869,0.001032362937563116
0.015438888221979141,0.0010490982881280898
0.02254568040370941,0.0010741009405492025
-0.02771444246172905,0.0010405754197997858
-0.00846932828426361,0.001029487011496716
0.010866865515708923,0.0010409713981716728
-0.018362373113632202,0.0010182916385177026
-0.01822599396109581,0.0009957702493268996
0.013028228655457497,0.001009868894762565
-0.010840114206075668,0.000995967175817602
0.0013447999954223633,0.0009963769022556623
0.010608039796352386,0.0010076800443719425
0.0004483908414840698,0.0010070215391264187
-0.011390350759029388,0.000992407416790628
-0.00650903582572937,0.0009835540926034325
0.0022438615560531616,0.0009850432981758684
-0.007529545575380325,0.0009749703499948103
-0.0004783831536769867,0.0009732489685158162
-0.002633228898048401,0.000968972352439096
-0.006897255778312683,0.0009596335142950434
-0.01888595148921013,0.0009360451551817658
-0.014953270554542542,0.0009171371924627382
0.027042604982852936,0.0009482620624833996
0.00033875927329063416,0.0009475350844075407
0.005260776728391647,0.0009526855889613874
0.00889875553548336,0.0009621850063523352
-0.04899711534380913,0.0008625158482675507
-0.032376255840063095,0.0008625158482675507
0.020567970350384712,0.0008861541516315938
-0.048995111137628555,0.0008262497269531946
-0.055705610662698746,0.0007582817132739049
0.024185795336961746,0.0007864801889149254
0.02856753207743168,0.0008199562637090935
-0.05782822147011757,0.0007492064886639897
0.010561319068074226,0.0007610564259574114
0.034175243228673935,0.0008014549700347609
-0.05004832521080971,0.0007399084515918396
0.02204454503953457,0.0007657231138130361
-0.01729607954621315,0.000743813756756446
-0.0034731216728687286,0.0007386929305106348
0.0127495639026165,0.0007532941950988076
-0.021978508681058884,0.0007256298069893251
-0.010134220123291016,0.0007123991754837951
0.021009255200624466,0.0007371536341806258
-0.005349867045879364,0.000729721805147045
-0.020075835287570953,0.000704292475279977
-0.024519506841897964,0.000673430119616734
-0.0202888622879982,0.0006477546306638606
-0.017781242728233337,0.0006251581181391499
-0.011020094156265259,0.0006108643491451279
0.0004900358617305756,0.0006107158842622488
-0.024031251668930054,0.0005804059687048447
-0.023994844406843185,0.0005501465454095934
-0.011782243847846985,0.000534945910684545
-0.02652044966816902,0.0005015634359703999
-0.02207755669951439,0.0004736752502795793
-0.012243963778018951,0.00045795111474587557
-0.024445436894893646,0.00042712887502798153
-0.004548411816358566,0.000420964487150759
-0.0012972615659236908,0.0004188335416611814
-0.0221734419465065,0.0003907861269924301
-0.0026613958179950714,0.00038699312946860855
-0.013671349734067917,0.00036950497352707763
-0.0059754252433776855,0.0003616041392170689
-0.01272103562951088,0.0003452970599181109
-0.005273733288049698,0.00033828613434627535
-0.02154749259352684,0.00031095185356448045
-0.011074695736169815,0.0002967176377031555
-0.01450875774025917,0.00027818971073261206
-0.012473788112401962,0.0002622158757967008
-0.008584778755903244,0.00023960639195346888
-0.00892447680234909,0.00023960639195346888
-0.00413929671049118,0.0002341050380896101
-0.006482977420091629,0.00022565796648026207
-0.0060800909996032715,0.00021772049902028516
-0.01558941975235939,0.00019780382060772156
-0.00724652037024498,0.00018841511436284343
-0.00495605543255806,0.00018192075109637522
0.00035510584712028503,0.0001821395879097709
-0.02130245417356491,0.0001549658395103887
-0.01863522082567215,0.0001311774741003761
-0.008929263800382614,0.00011969613533877552
-0.019677970558404922,9.458505243902649e-05
-0.02679072692990303,6.0452139848129865e-05
-0.007944881916046143,5.027927792106796e-05
0.023110603913664818,3.2994831500232115e-05
-0.03653576225042343,3.2994831500232115e-05
-0.021923352032899857,5.015868056749984e-06
0.03774356096982956,5.315037385040135e-05
-0.0362388975918293,6.818349030684429e-06
-0.07560180127620697,-8.979523040918547e-05
0.02585469000041485,-5.661284488062246e-05
-0.046385258436203,-0.00011591991411539608
-0.08404050022363663,-0.00022345222631597577
0.09509962797164917,-0.00010120487454631533
0.06807181239128113,-1.3697603778065062e-05
-0.07842564582824707,-0.00011443778963508474
-0.06181027367711067,-0.00019377261871983485
0.03736891970038414,-0.0001454276877337917
-0.03775705397129059,-0.00019387851559680646
-0.02289741113781929,-0.00022315076219056015
0.01770791783928871,-0.00020001142094029192
0.02021211013197899,-0.0001736472666087818
-0.05604439601302147,-0.00024587263328846063
0.01357024535536766,-0.00022799666603635875
0.037539366632699966,-0.00017908897842702906
-0.015289094299077988,-0.00019867294800673951
-0.034281741827726364,-0.00024288586296722253
0.04303593561053276,-0.00018669587506726037
-0.017704438418149948,-0.00020945908063368907
-0.03492312505841255,-0.0002546058051834479
0.01279197633266449,-0.00023762369213771735
0.04367215558886528,-0.0001804199864851193
-0.004313293844461441,-0.00018580865818178436
-0.023335706442594528,-0.00021601819416434184
0.019369494169950485,-0.0001904385760500543
-0.019440367817878723,-0.00021560092287557797
-0.02438650280237198,-0.0002472219883427153
-0.010542601346969604,-0.0002607018796220124
0.01534784585237503,-0.0002402484715663011
-0.01863563433289528,-0.0002643736204305632
0.014600187540054321,-0.0002448630541905347
0.02126532793045044,-0.00021660661046017356
-0.017311733216047287,-0.0002390816149895221
-0.015297014266252518,-0.00025889441377298855
0.0061960965394973755,-0.0002503942378468293
-0.015754755586385727,-0.0002708274547837591
-0.020728610455989838,-0.0002978104908805154
0.013065788894891739,-0.0002801702758085738
-0.006406065076589584,-0.0002882630411335993
-0.027702007442712784,-0.00032450749528933995
-0.010696813464164734,-0.00033823188772139816
0.00018464773893356323,-0.00033753947833155664
-0.0206352137029171,-0.0003644393214187333
0.00391232967376709,-0.00035876700659483494
0.017662834376096725,-0.0003348460905110362
0.01485496200621128,-0.00031466821479712067
-0.011125542223453522,-0.00032904035768416013
0.004148157313466072,-0.0003230836896739816
0.022187422960996628,-0.00029311155684970326
-0.007044970989227295,-0.00030210839427476685
0.004756048321723938,-0.0002953632426348806
0.01271415501832962,-0.00027800153390089214
0.00514916330575943,-0.00027075325425934864
-0.00971924513578415,-0.0002837893688387688
-0.0005880743265151978,-0.0002837893688387688
0.017798293381929398,-0.0002595848962171859
0.012166492640972137,-0.0002429389917493737
-0.008445098996162415,-0.0002539347865060787
0.001526419073343277,-0.0002515462677606101
0.012299850583076477,-0.00023469482027491806
-0.005225427448749542,-0.00024140032039660848
0.0072025880217552185,-0.0002313912631128588
0.012827097438275814,-0.00021382012347372564
-0.038987189531326294,-0.0002660307595023739
0.047704942524433136,-0.00020138778831956287
0.0934760570526123,-7.506140311837965e-05
0.04594845697283745,-1.2952477014215177e-05
-0.11368986964225769,-0.0001664709296376238
-0.06754264235496521,-5.5630931644121584e-05
0.14902673661708832,-5.5630931644121584e-05
-0.06559718400239944,-0.00014433445587174165
-0.11049384623765945,-0.0002937873681211868
-0.03486695885658264,-0.000340645173794098
0.07261671125888824,-0.00024169432562509924
0.011598950251936913,-0.00022562371306496273
-0.07449411600828171,-0.00032649493918432675
-0.005595238879323006,-0.00033365595029007946
0.02488729916512966,-0.00029935293425609216
-0.016284236684441566,-0.00032110911935573263
-0.05917619168758392,-0.00040126930036366964
0.006980264559388161,-0.0003912087496178244
0.0038094371557235718,-0.0003854795940874941
-0.00350973941385746,-0.0003897436221898405
-0.04246404767036438,-0.00047220476403203425
-0.018738465383648872,-0.00047220476403203425
0.01692173257470131,-0.00044841665880245566
0.02426065132021904,-0.0004146014059325272
-0.021092362701892853,-0.000442918788902544
0.014549383893609047,-0.00042237359427106555
-0.040808990597724915,-0.0004777558599452638
-0.05224218964576721,-0.0005487880233600287
-0.013826500624418259,-0.0005670201017698082
0.036296337842941284,-0.0005163681523219888
-0.04094269871711731,-0.0005719525581011664
-0.04565612971782684,-0.0006339821873923227
0.03138362616300583,-0.0005899013999688261
-0.03377335146069527,-0.0006356172120508638
-0.04574984312057495,-0.0006978102667300378
0.01638355851173401,-0.0006742471053035463
0.004488436505198479,-0.0006671207421581629
-0.02714095078408718,-0.0007036877820709327
0.008626723662018776,-0.0006907918285262149
0.004309803247451782,-0.0006838758595404394
-0.009745616465806961,-0.0006964165286596477
-0.024874482303857803,-0.0007298982230082547
-0.006756363436579704,-0.0007382489517103127
-0.007915817201137543,-0.0007482010340508612
-0.026433903723955154,-0.0007838381093879013
-0.02138642966747284,-0.0008124407084702432
0.010486140847206116,-0.0007967450447972907
0.00426647812128067,-0.0007897069677480247
0.0021660812199115753,-0.000785595749595527
-0.011409992352128029,-0.0008003824350374135
-0.0037466343492269516,-0.0008044854667039161
-0.022694159299135208,-0.0008349884137088171
-0.015212219208478928,-0.0008550351816777663
0.006149260327219963,-0.0008452628255992442
0.006674407050013542,-0.0008347650231003969
-0.016984067857265472,-0.0008573238910619507
-0.014488665387034416,-0.0008763769682046073
-0.007204825058579445,-0.0008852278361400133
-0.014424288645386696,-0.0009041747463827677
0.01230754517018795,-0.0008856748391638461
0.00027217529714107513,-0.000884052573439866
0.002859458327293396,-0.0008788044104848994
-0.005609041079878807,-0.0008854398358705954
0.013875933364033699,-0.0008647208032033606
0.001905275508761406,-0.0008608305501765513
-0.00516664981842041,-0.0008668813046447846
0.0023409128189086914,-0.0008623709111728899
-0.004432551562786102,-0.0008673937758871207
0.002916330471634865,-0.0008620673823115789
-0.0038852784782648087,-0.000866325659019248
-0.0039261579513549805,-0.0008706380070772373
-0.0013636928051710129,-0.00087133328957638
0.008479949086904526,-0.0008581389894658894
0.01082313060760498,-0.0008416477435673611
-0.003776753321290016,-0.0008457937936076879
-0.003550015389919281,-0.0008496158724482003
-0.005699977278709412,-0.0008564751311184021
-0.018757928162813187,-0.0008818051928630748
0.034399114549160004,-0.0008318556041062883
0.007996143773198128,-0.0008193502055107619
-0.024963654577732086,-0.0008535711777898547
0.02874835580587387,-0.0008115914893825622
0.021657496690750122,-0.0007797094981348321
-0.00880715437233448,-0.0007911061496211677
-0.018550071865320206,-0.0008163326344226764
-0.012197736650705338,-0.0008325087124139123
-0.011854268610477448,-0.0008481822075595378
-0.04363137111067772,-0.0009090552167569394
0.056463539600372314,-0.0008273796755404402
0.038637664169073105,-0.0007711668741751188
-0.029042202979326248,-0.0008114570051347316
-0.02896266058087349,-0.0008515979362591536
0.05003640055656433,-0.0007789976095362929
-0.012572512030601501,-0.000795832038544372
-0.024322740733623505,-0.0008289392050512352
-0.00048389658331871033,-0.0008289392050512352
0.013423997908830643,-0.0008085617171010226
0.0063588544726371765,-0.0007983090296631091
-0.026817359030246735,-0.0008355477350426733
0.011797571554780006,-0.0008174576333640603
0.014371547847986221,-0.0007956962623620254
0.004840491339564323,-0.0007876170673369003
-0.016652550548315048,-0.0008103704452719564
0.024400779977440834,-0.0007741941157258365
0.002988278865814209,-0.0007687924378525016
-0.008808482438325882,-0.0007803407175383893
0.009757444262504578,-0.0007651964153059141
0.0033479630947113037,-0.0007592822061095354
-0.018105842173099518,-0.0007842370546877028
0.0036938413977622986,-0.0007379914785614424
0.026860058307647705,-0.0007379914785614424
-0.001441068947315216,-0.0007390044603475076
0.006623746827244759,-0.0007283910228329528
0.0067949313670396805,-0.0007175407076079548
0.009658552706241608,-0.0007025686127770173
-0.0025719106197357178,-0.0007052673011931772
0.00244976207613945,-0.0007007102706146701
-0.004522357136011124,-0.0007062328621167852
0.01724974811077118,-0.0006802722689674399
-0.011322230100631714,-0.0006956658405849217
0.0006502531468868256,-0.0006937180222317725
0.015558740124106407,-0.0006701859839747762
0.01792674884200096,-0.0006432463245043204
-0.004418671131134033,-0.0006487180725419517
0.021004758775234222,-0.0006158242051968108
0.00041407719254493713,-0.0006158242051968108
-0.007280487567186356,-0.0006254972421427836
0.00572613999247551,-0.000616274139712822
0.011971421539783478,-0.0005979870919245944
-0.0033153798431158066,-0.0006019367099932289
-0.004021776840090752,-0.0006069096488899955
-0.016736214980483055,-0.0006303749926910466
-0.03198258578777313,-0.0006760083771450625
-0.025504106655716896,-0.0007121627248495953
-0.014635968953371048,-0.0007324478142845065
-0.01966608688235283,-0.0007600443298557337
-0.0012377053499221802,-0.0007607408609022477
-0.003982793539762497,-0.0007654414594098452
-0.018638618290424347,-0.0007915282975786352
-0.004682408645749092,-0.0007972098375401594
-0.01725975051522255,-0.0008212597156462332
-0.002682449296116829,-0.0008239799341598267
-0.024481674656271935,-0.0008585724460453824
-0.007849512621760368,-0.0008687992774001131
-0.024898935109376907,-0.0009039680253223432
-0.003554515540599823,-0.0009078489104632068
-0.011222939938306808,-0.0009229588288497632
0.0008980780839920044,-0.0009202901211578786
-0.013040278106927872,-0.0009380596945119008
-0.025057997554540634,-0.0009734384783315256
-0.01462073065340519,-0.0009934649509440899
-0.010613769292831421,-0.0010075882903068665
-0.003360182046890259,-0.001011043588178661
-0.007115032523870468,-0.0010200125385106046
-0.0015146955847740173,-0.0010207397213110748
-0.01293393224477768,-0.001038259668248561
0.0021837018430233,-0.0010335192965678674
-0.006983354687690735,-0.0010422768699757045
0.002739895135164261,-0.0010367074974148229
0.010292887687683105,-0.0010200171675716016
0.0032978858798742294,-0.0010136534877537848
0.00127510167658329,-0.001010278912987351
0.00376020185649395,-0.0010032422697966359
-0.0037992261350154877,-0.0010073681924763485
0.019841860979795456,-0.0009765888842764433
0.01962886191904545,-0.0009461567238817654
-0.012303007766604424,-0.0009629366403096628
-0.017476646229624748,-0.0009873460398664021
-0.004012016579508781,-0.0009918187475060104
-0.023485854268074036,-0.0010250953659227515
1.024268567562103e-05,-0.0010235631048906941
-0.024117955937981606,-0.0010577559547069312
-0.03399937227368355,-0.001106548247137966
-0.007627660408616066,-0.0011162110909462139
0.02780950255692005,-0.0010733321799453327
0.0032531265169382095,-0.0010669161259900556
-0.02133128046989441,-0.00109697990842002
-0.002603156492114067,-0.0010992153386784706
0.008713672868907452,-0.0010846454546015914
-0.02900988981127739,-0.0011261245859418322
-0.006688356399536133,-0.0011343898093531656
-0.02544267103075981,-0.0011705251392838591
-0.020218729972839355,-0.0011988523298968265
-0.02268279530107975,-0.0012512569028324471
-0.014966284856200218,-0.0012512569028324471
0.01128412876278162,-0.001232593160370514
0.008552534505724907,-0.0012180185514717448
-0.02001057378947735,-0.0012460202940651913
-0.016724660992622375,-0.0012690930931834599
0.0122291324660182,-0.0012489645741410231
-0.007127335295081139,-0.0012577337589943945
-0.019047359004616737,-0.0012842819908862595
0.005256596952676773,-0.0012745170211062398
-0.008838508278131485,-0.0012858137118826358
-0.018408266827464104,-0.001311395510900215
-0.013802789151668549,-0.0013300653386351736
-0.015414824709296227,-0.0013511245747858515
0.008979443460702896,-0.0013356727206118191
-0.053342483937740326,-0.0014655001878999352
-0.036159295588731766,-0.0014655001878999352
0.03457280620932579,-0.0014115358152781109
0.01977650076150894,-0.0013797967228625662
-0.042350392788648605,-0.0014411922258206714
-0.009500600397586823,-0.0014532739072470751
0.028257153928279877,-0.0014087193075649745
0.01915249228477478,-0.0013778738499266576
-0.015415675938129425,-0.001398940717832763
-0.01066918671131134,-0.001412857855536015
-0.005772113800048828,-0.001419404644058884
-0.02262040227651596,-0.0014512560781425785
-0.020919814705848694,-0.0014805152961616316
0.022167479619383812,-0.0014449620764949924
0.01013176329433918,-0.0014275510042583458
-0.023660998791456223,-0.0014366120311512247
0.01474410854279995,-0.0014366120311512247
-0.006613600999116898,-0.0014444063725482146
-0.018050938844680786,-0.0014694175559855991
0.0011601708829402924,-0.0014654557277106691
-0.017975889146327972,-0.0014903396255594044
-0.024729136377573013,-0.0015253764818943091
0.0330929309129715,-0.0014731647169151704
-0.012168316170573235,-0.0014893008707491096
-0.036613572388887405,-0.0015423124141235485
0.036727774888277054,-0.0014845331365260742
-0.013011813163757324,-0.0015019427258879383
-0.027522671967744827,-0.001541255136610904
-0.0012456662952899933,-0.0015408084054185007
0.015456685796380043,-0.0015151109171575243
-0.006307195872068405,-0.001522358235190864
-0.01608191430568695,-0.001544384836294761
0.007968131452798843,-0.0015299888701308917
0.0029065068811178207,-0.0015232725554942983
-0.01685168221592903,-0.0015464856549617218
-0.019655341282486916,-0.0015739185488194763
-0.002744477242231369,-0.0015756924029717279
-0.0006723832339048386,-0.001574323083618898
-0.01911056786775589,-0.0016009149033269084
-0.0076039452105760574,-0.0016100208403986378
0.004037909209728241,-0.0016014507463263125
-0.01725783757865429,-0.001625215292030991
-0.017824728041887283,-0.0016498122354991602
-0.011186603456735611,-0.0016642973592391854
-0.006560426205396652,-0.0016717363332799365
-0.009233804419636726,-0.0016832295233229866
-0.009052691981196404,-0.0016944335760911665
0.005489770323038101,-0.0016835076855111811
0.005510799586772919,-0.0016725629423168442
-0.021495377644896507,-0.001702729089493668
-0.011995697394013405,-0.0017183977773113793
0.004603276029229164,-0.0017087714398628516
-0.01434452086687088,-0.0017280185951575055
-0.012514669448137283,-0.001744454297028173
-0.012476669624447823,-0.00176081216287579
-0.003028804436326027,-0.0017627454174549014
0.0037371814250946045,-0.0017543573082659573
-0.01281755045056343,-0.0017712353449492004
0.004112878814339638,-0.0017622557583941456
0.0018404200673103333,-0.001758880128853837
-0.003147713840007782,-0.001758880128853837
-0.00531107559800148,-0.0017643060174754018
0.0020238421857357025,-0.001758517957649638
0.0039782337844371796,-0.001749749893994501
0.0015510115772485733,-0.0017447034794248475
-0.017617134377360344,-0.0017689775681734843
-0.02044467255473137,-0.001797547324107043
-0.025415726006031036,-0.001833688809025893
-0.008953290060162544,-0.0018445867550733034
0.000431327149271965,-0.001841101987858241
-0.023844480514526367,-0.0018748024487772934
0.002412751317024231,-0.0018682336774103268
0.012334858067333698,-0.0018464673515977712
-0.018656007945537567,-0.001872235624755253
-0.013541582971811295,-0.001890129435902818
0.00026391632854938507,-0.0018868254545022897
-0.006279941648244858,-0.0018935657869805563
-0.04373062402009964,-0.001957774698487936
0.031180018559098244,-0.0019069022231649824
0.0122444499284029,-0.0018851711125787637
-0.04035401716828346,-0.0019442615795366882
0.019984818994998932,-0.0019105675813057004
-0.0040418244898319244,-0.0019138431851828473
-0.032736532390117645,-0.0019612290850484697
-0.0034755412489175797,-0.001963557801633016
0.004022948443889618,-0.0019543491323977826
-0.009870188310742378,-0.0019665289895557307
-0.010030066594481468,-0.001978939574132235
0.01879235729575157,-0.0019469615799791523
0.014293095096945763,-0.0019219526146956256
-0.0287349671125412,-0.0019632548920594487
-0.014326361939311028,-0.0019823040487939813
0.00043090805411338806,-0.0019785847335664244
0.0005601271986961365,-0.0019746709222441534
-0.0026261750608682632,-0.0019756755894086596
-0.002964271232485771,-0.001977200491263222
-0.01042877696454525,-0.0019902405245669336
0.004556311294436455,-0.001980137045068568
-0.01697348803281784,-0.002003282943785435
0.003803819417953491,-0.0019943158561186577
-0.022684475407004356,-0.0020262732957063764
0.006260763853788376,-0.00201346995697443
0.008577460423111916,-0.00199710279095665
-0.011214416474103928,-0.0020105591407340627
-0.0014992542564868927,-0.0020105591407340627
-0.0016756393015384674,-0.0020100411473591984
0.010527800768613815,-0.0019906447976782574
0.00995335541665554,-0.001972162305962733
-0.004877449944615364,-0.0019766592033298317
-0.002849278971552849,-0.0019780102228663075
-0.010227793827652931,-0.0019907861228558392
0.008830256760120392,-0.0019740239601324224
0.006547464057803154,-0.001960820493135049
-0.005900299176573753,-0.001966926011466845
-0.008455907925963402,-0.0019769853914528507
-0.01798139698803425,-0.0020018021385734717
-0.0054542385041713715,-0.002007156910144861
-0.01739133708178997,-0.002031023995042842
-0.009201761335134506,-0.0020421515108862342
-0.021067209541797638,-0.0020716819167510996
-0.008694898337125778,-0.002081964944931042
0.003212492913007736,-0.0020737428617686464
0.008396917954087257,-0.0020574782992057164
-0.004746263846755028,-0.0020616559489523055
0.0042658038437366486,-0.0020518223507448295
-0.004954855889081955,-0.0020563351079001457
0.01012943871319294,-0.0020373877128508806
-0.020876353606581688,-0.0020666871708836278
-0.023081917315721512,-0.002099379243276494
0.0035726651549339294,-0.002090553458291602
-0.008658858016133308,-0.0021007763102011004
-0.015197176486253738,-0.0021211643484188784
-0.026478465646505356,-0.0021590920944084776
0.004509424790740013,-0.002156215946936339
-0.006969444453716278,-0.002156215946936339
-0.018647998571395874,-0.0021819143693518348
0.03701537474989891,-0.0021208204671431105
0.026805002242326736,-0.0020757252814641394
-0.0474170558154583,-0.0021464287959790662
-0.02583976462483406,-0.0021833839393666753
0.007871579378843307,-0.002167697269013074
0.019519835710525513,-0.002133854827283841
0.010060003027319908,-0.002114822426097442
0.0032719802111387253,-0.0021064126564566002
-0.010676421225070953,-0.0021197950727346723
0.013122539967298508,-0.0020959880717577365
-0.008761059492826462,-0.002106400632940396
-0.004091419279575348,-0.0021095024529150415
0.0032973792403936386,-0.0021010516539395163
0.008268970996141434,-0.002084839930589219
-0.015621151775121689,-0.0021060063830099247
-0.022565849125385284,-0.002138006232134273
-0.015421878546476364,-0.0021587873028086945
0.013046424835920334,-0.002134995192148328
0.0013557635247707367,-0.002129531864418569
-0.02254972606897354,-0.002161498276988172
0.015635469928383827,-0.002133632167244991
-0.008674569427967072,-0.0021438760893124943
-0.013586003333330154,-0.002161799831883079
0.010614698752760887,-0.0021417814441063885
-0.01374150812625885,-0.0021599600261850093
0.0008400455117225647,-0.0021552575241749073
-0.013512391597032547,-0.0021730636752311564
-0.006357323378324509,-0.002179625339165488
0.0034352894872426987,-0.002170818252694556
0.013132452964782715,-0.002146809655519826
-0.020474102348089218,-0.0021755686656958952
-0.008919693529605865,-0.0021861537426175848
0.003907570615410805,-0.0021765874489693554
-0.0007694773375988007,-0.002174378014308523
-0.020283948630094528,-0.0022028195537767163
-0.004038617014884949,-0.002205703328108096
-0.006167709827423096,-0.0022119283795412116
-0.00864986702799797,-0.0022220457008333178
0.0055100396275520325,-0.002209892071424834
0.0005594678223133087,-0.002205538165012969
-0.006825163960456848,-0.002212802511089377
-0.011599704623222351,-0.0022321370786738443
-0.00513298436999321,-0.0022321370786738443
-0.008246010169386864,-0.0022415997181371773
-0.031323935836553574,-0.002287369217360975
-0.008948765695095062,-0.0022978549962053675
0.02211483009159565,-0.0022594189061197977
-0.008739523589611053,-0.002269623450595114
-0.030894555151462555,-0.0023147096588876635
0.031483713537454605,-0.0022614641413244243
-0.021481461822986603,-0.0022917491017930337
-0.021640930324792862,-0.002322243709276074
0.021725846454501152,-0.002284336000837623
-0.00031322985887527466,-0.0022812282717952588
-0.007287114858627319,-0.0022891223249725543
-0.0018070898950099945,-0.002288362032102248
0.022392267361283302,-0.00224942649023742
-0.006652180105447769,-0.002256373524185948
0.012715224176645279,-0.002232745470490367
0.020489543676376343,-0.002196878362515839
0.0011598020792007446,-0.002191578818896068
-0.005850046873092651,-0.0021973559424146934
-0.001382492482662201,-0.0021960689355553474
0.027516283094882965,-0.0021491318194883278
-0.05341004952788353,-0.0022301250683194234
0.05539219081401825,-0.002139063327879862
0.01559501327574253,-0.002111032473492436
-0.08381584286689758,-0.0022402012729318423
-0.0084502212703228,-0.0022500206731465217
0.19324365258216858,-0.0019408442554249058
-0.14981217682361603,-0.0024944815995329083
-0.20436395704746246,-0.0024944815995329083
0.15868189930915833,-0.0022394356146430107
0.027088968083262444,-0.002193017647180915
-0.1697811782360077,-0.002458307941507311
-0.0959082692861557,-0.002606265520895942
0.14838898181915283,-0.00236715363460046
0.010725803673267365,-0.002346416193359616
-0.10447140783071518,-0.0025081976395973974
0.08194109797477722,-0.0023743928349167307
-0.0301845483481884,-0.002418464334418216
-0.07218115031719208,-0.0025290391115324624
-0.03104386292397976,-0.002574243622836675
0.01606765203177929,-0.0025446853465868227
-0.018507758155465126,-0.0025700006542283224
-0.056463539600372314,-0.002655483868072925
0.03914322704076767,-0.002589173079614514
0.01665329560637474,-0.0025586408163324
-0.05276166647672653,-0.0026383126387661327
0.033944275230169296,-0.002580246135194144
0.033903706818819046,-0.0025223260388620755
-0.05022266507148743,-0.002598065940399729
0.01224561221897602,-0.0025744926379835443
0.024165503680706024,-0.0025320193760269994
-0.036200303584337234,-0.002585506639637089
0.012896720319986343,-0.002560906492981229
-0.009077413007616997,-0.002571262533017167
0.018172144889831543,-0.002538291439204353
-0.002818068489432335,-0.0025387362132805458
-0.00871850922703743,-0.0025485621457831276
0.005895946174860001,-0.002535132973441736
-0.008852856233716011,-0.0025451816497684436
-0.0014518368989229202,-0.002543442333664932
0.012645170092582703,-0.002519275910081488
-0.04995964840054512,-0.0025947703589881545
0.03492734581232071,-0.0025350494162070998
0.004403660073876381,-0.0025240037937114285
-0.0027046706527471542,-0.0025242914420728355
0.0020043328404426575,-0.002517080012292343
-0.029635192826390266,-0.0025602702892820323
-0.007779078558087349,-0.002568583505323763
0.005560128018260002,-0.0025556328901905024
-0.033855486661195755,-0.002605507753409932
0.0021246150135993958,-0.002597969299076661
-0.011129941791296005,-0.0026115690073615725
-0.01250707358121872,-0.002627344687991731
0.019249148666858673,-0.002592462987244223
0.014530434273183346,-0.0025651564430203564
-0.021808018907904625,-0.0025958486756637368
0.014655892737209797,-0.0025683278899695855
0.006365224719047546,-0.002554074409017909
-0.014628278091549873,-0.0025733418421121125
-0.011310968548059464,-0.0025872871221590535
0.03132766857743263,-0.0025331502487020313
0.005228150635957718,-0.0025207593053532223
-0.03519390895962715,-0.002572930233204389
-0.0031343065202236176,-0.0025738267513894966
0.002193290740251541,-0.002566212483534008
-0.04843832179903984,-0.002639492917940915
0.030420774593949318,-0.0025866712034163294
0.014936311170458794,-0.0025586697395156704
-0.020404066890478134,-0.0025871907750374392
-0.02296057716012001,-0.0026197570759109957
0.007158774882555008,-0.0026041239874760214
-0.020922940224409103,-0.0026334149893581776
-0.011716462671756744,-0.0026479405829950542
0.01927812024950981,-0.002612871196573222
-0.00017163902521133423,-0.0026089660110061638
-0.028597351163625717,-0.002650545266238595
-0.02057764306664467,-0.00267923139892844
0.0005098804831504822,-0.0026741275694219567
-0.02461472898721695,-0.00270924632372676
-0.02290869504213333,-0.0027415829009775996
0.019255217164754868,-0.0027063638391584123
0.008194517344236374,-0.0026889078922849945
-0.019632944837212563,-0.0027160449034114307
-0.010133136063814163,-0.0027279255983725013
-0.01433340460062027,-0.002746517944389199
-0.0028037410229444504,-0.002746609630811413
0.009222753345966339,-0.002727428804222721
-0.0001902300864458084,-0.0027233623767560318
-0.004775794222950935,-0.0027266523271416393
0.0038315095007419586,-0.0027161384092206703
-0.019652485847473145,-0.0027432942872934484
-0.02019903063774109,-0.0027712869174135522
-0.001262526959180832,-0.002768867075960558
0.002944331616163254,-0.002759702610971272
0.04201279208064079,-0.0026878735971865367
-0.031056761741638184,-0.002733392474606789
0.016942797228693962,-0.002658518801390663
0.024275541305541992,-0.002658518801390663
-0.004669155925512314,-0.0026617462814331493
-0.005542196333408356,-0.0026663706243137074
0.025546478107571602,-0.0026210708299469767
-0.004543166607618332,-0.002624157453930577
0.023765094578266144,-0.0025817741317683968
-0.05402044579386711,-0.002664400121363968
0.021724646911025047,-0.002625218664744341
0.03842666745185852,-0.002559259145426902
0.005973644554615021,-0.0025455471823467124
-0.013885173946619034,-0.002563771856832142
0.03143937513232231,-0.0025091158163158315
-0.0009807050228118896,-0.0025066587493692725
-0.002195999026298523,-0.0025061592677731517
0.023599788546562195,-0.0024142558018953363
0.02857889235019684,-0.0024142558018953363
-0.001231607049703598,-0.002412353575942143
0.014365795999765396,-0.002385363303680724
0.01756672002375126,-0.0023532630738231754
0.0019221305847167969,-0.0023463836431248716
0.0015379860997200012,-0.0023401325889345105
0.02242911420762539,-0.0023002666843215504
-0.04243531450629234,-0.002364872042937983
0.048781268298625946,-0.0022825315676546043
0.009514156728982925,-0.002263537579272607
-0.02867314964532852,-0.002306065432465888
0.02609294280409813,-0.0022603282085366418
-1.4355297088623047,-0.004568932268084893
0.014902107417583466,-0.004537565801781144
0.060261376202106476,-0.00443316616088527
0.03100837767124176,-0.004376057999822203
0.034926801919937134,-0.004312720054615966
0.008772708475589752,-0.004291629798341534
0.01174803078174591,-0.004265774890691269
-0.012851729989051819,-0.00427961661386899
0.0002679973840713501,-0.004272284339781909
0.0336788035929203,-0.004211086978418015
0.009698744863271713,-0.0041886541756067375
-0.006544582545757294,-0.004192454115746408
0.007523827254772186,-0.004173554311631924
0.010292250663042068,-0.004150216357821241
0.0027111507952213287,-0.004139145447995998
0.008178811520338058,-0.0041192678618054
0.027156300842761993,-0.004068792166317912
0.01459062471985817,-0.004038674097381645
-0.028307583183050156,-0.004077851090047761
0.021121472120285034,-0.004037167307016892
0.031517501920461655,-0.003979758233950798
-0.11439982056617737,-0.004158071291705905
-0.08036570250988007,-0.00428115050679486
0.1562587022781372,-0.004021840043660595
0.021023746579885483,-0.003981380671106914
-0.06503431499004364,-0.004080018853714286
0.15108416974544525,-0.0038293037888192023
0.010059870779514313,-0.00380685899504702
-0.05686243250966072,-0.003892606259810629
0.018606599420309067,-0.003856239353357015
0.08131285756826401,-0.003718559320668542
-0.007841318845748901,-0.0037252247250114004
-0.048195499926805496,-0.0037971294990530226
0.03861250355839729,-0.0037285488374035796
0.0644495040178299,-0.0036182855764813997
-0.03640997037291527,-0.003671325011275464
0.028686262667179108,-0.0036189818379967634
0.066330187022686,-0.0035058160735429444
-0.02528364211320877,-0.0035410527919978183
-0.04323754459619522,-0.0036052892116476346